Cell_ID;Dl Freq;Ul Freq;Azimuth;Tilt_Electrical;Tilt_Mechanical;Antenna height_m_;Longitude;Latitude
FDD_ADL_House_1;1347;;20;3;0;30;33.79294;-13.96216
FDD_ADL_House_2;1347;;220;3;0;30;33.79294;-13.96216
FDD_Adventist_Hospital_1;1347;;0;1;0;32;35.00375;-15.78221
FDD_Adventist_Hospital_2;1347;;180;2;0;32;35.00375;-15.78221
FDD_Adventist_Hospital_3;1347;;290;1;0;36;35.00375;-15.78221
FDD_AHL_1;1347;;0;0;0;0;33.79999;-13.89321
FDD_AHL_2;1347;;0;0;0;0;33.79999;-13.89321
FDD_AHL_3;1347;;0;0;0;0;33.79999;-13.89321
FDD_Airport_Road_1;1347;;0;4;0;38;33.80707;-13.82432
FDD_Alimenda_1;1347;;0;2;0;30;34.89381;-16.39164
FDD_Area_10_Dam_1;1347;;0;0;0;0;33.80375;-13.93971
FDD_Area_10_Dam_2;1347;;0;0;0;0;33.80375;-13.93971
FDD_Area_10_Dam_3;1347;;0;0;0;0;33.80375;-13.93971
FDD_Area_10_PTC_1;1347;;0;3;0;30;33.79219;-13.93777
FDD_Area_10_PTC_2;1347;;120;3;0;30;33.79219;-13.93777
FDD_Area_10_PTC_3;1347;;240;3;0;30;33.79219;-13.93777
FDD_Area_12_Villa_1;1347;;0;3;0;30;33.81202;-13.96106
FDD_Area_12_Villa_2;1347;;180;3;0;30;33.81202;-13.96106
FDD_Area_12_Villa_3;1347;;270;3;0;30;33.81202;-13.96106
FDD_Area_12_Zikomo_Flowers_1;1347;;0;0;0;0;33.82005;-13.95287
FDD_Area_12_Zikomo_Flowers_2;1347;;0;0;0;0;33.82005;-13.95287
FDD_Area_14_Red_Cross_1;1347;;0;0;0;0;33.781866;-13.95511
FDD_Area_14_Red_Cross_2;1347;;0;0;0;0;33.781866;-13.95511
FDD_Area_14_Red_Cross_3;1347;;0;0;0;0;33.781866;-13.95511
FDD_Area_15_1;1347;;0;0;0;30;33.7643;-13.96424
FDD_Area_15_2;1347;;120;0;0;30;33.7643;-13.96424
FDD_Area_15_3;1347;;240;0;0;30;33.7643;-13.96424
FDD_Area_18A_1;1347;;70;3;0;30;33.77909;-13.9355
FDD_Area_18A_2;1347;;140;3;0;30;33.77909;-13.9355
FDD_Area_18A_3;1347;;210;3;0;30;33.77909;-13.9355
FDD_Area_18B_1;1347;;320;4;0;22;33.77316;-13.94219
FDD_Area_18B_2;1347;;90;6;0;22;33.77316;-13.94219
FDD_Area_18B_3;1347;;200;4;0;22;33.77316;-13.94219
FDD_Area_2_Bwalolanjobvu_1;1347;;40;3;0;30;33.78138;-13.99008
FDD_Area_2_Bwalolanjobvu_2;1347;;180;3;0;30;33.78138;-13.99008
FDD_Area_2_Bwalolanjobvu_3;1347;;270;3;0;30;33.78138;-13.99008
FDD_Area_2_Mchesi_1;1347;;0;3;0;30;33.79004;-13.98846
FDD_Area_2_Mchesi_2;1347;;160;2;0;30;33.79004;-13.98846
FDD_Area_2_Mchesi_3;1347;;240;2;0;30;33.79004;-13.98846
FDD_Area_23_Don_Bosco_1;1347;;0;2;0;30;33.8219;-14.015
FDD_Area_23_Don_Bosco_2;1347;;120;2;0;30;33.8219;-14.015
FDD_Area_23_Lower_Midland_1;1347;;0;0;0;0;33.80853;-14.00775
FDD_Area_23_Lower_Midland_2;1347;;0;0;0;0;33.80853;-14.00775
FDD_Area_23_Lower_Midland_3;1347;;0;0;0;0;33.80853;-14.00775
FDD_Area_23_Tambalale_1;1347;;50;0;0;30;33.83549;-13.99762
FDD_Area_23_Tambalale_2;1347;;280;0;0;30;33.83549;-13.99762
FDD_Area_23_Tambalale_3;1347;;320;0;0;30;33.83549;-13.99762
FDD_Area_23_Tank_1;1347;;100;3;0;30;33.82394;-14.00432
FDD_Area_23_Tank_2;1347;;220;3;0;30;33.82394;-14.00432
FDD_Area_24_Market_1;1347;;90;3;0;30;33.80305;-14.02332
FDD_Area_24_Market_2;1347;;204;3;0;30;33.80305;-14.02332
FDD_Area_24_Market_3;1347;;340;3;0;30;33.80305;-14.02332
FDD_Area_25_Nazarene_1;1347;;0;2;0;30;33.77185;-13.88761
FDD_Area_25_Nazarene_2;1347;;120;2;0;30;33.77185;-13.88761
FDD_Area_25_Sector_3_1;1347;;0;2;0;30;33.76547;-13.87469
FDD_Area_25_Sector_3_2;1347;;120;2;0;30;33.76547;-13.87469
FDD_Area_25_Sector_4_Dzenza_1;1347;;0;0;0;0;33.777026;-13.877674
FDD_Area_25_Sector_4_Dzenza_2;1347;;0;0;0;0;33.777026;-13.877674
FDD_Area_25_Sector_4_Dzenza_3;1347;;0;0;0;0;33.777026;-13.877674
FDD_Area_25A_1;1347;;0;3;0;30;33.7567;-13.89423
FDD_Area_25A_2;1347;;120;3;0;30;33.7567;-13.89423
FDD_Area_25B_1;1347;;330;2;0;29;33.76075;-13.88568
FDD_Area_25B_2;1347;;110;4;0;29;33.76075;-13.88568
FDD_Area_25B_3;1347;;220;3;0;29;33.76075;-13.88568
FDD_Area_25C_1;1347;;10;3;0;30;33.77149;-13.88262
FDD_Area_25C_2;1347;;160;3;0;30;33.77149;-13.88262
FDD_Area_25C_3;1347;;220;3;0;30;33.77149;-13.88262
FDD_Area_3_1;1347;;110;3;0;30;33.76651;-13.99125
FDD_Area_3_2;1347;;220;3;0;30;33.76651;-13.99125
FDD_Area_3_3;1347;;340;3;0;30;33.76651;-13.99125
FDD_Area_3_Bwaila_1;1347;;40;3;0;34;33.75724;-13.98945
FDD_Area_3_Bwaila_2;1347;;140;3;0;34;33.75724;-13.98945
FDD_Area_3_Bwaila_3;1347;;210;3;0;34;33.75724;-13.98945
FDD_Area_3_Mafumu_1;1347;;0;2;0;30;33.76114;-14.00198
FDD_Area_3_Mafumu_2;1347;;120;2;0;30;33.76114;-14.00198
FDD_Area_3_Matiles_1;1347;;0;0;0;0;33.7465;-13.977461
FDD_Area_3_Matiles_2;1347;;0;0;0;0;33.7465;-13.977461
FDD_Area_3_Matiles_3;1347;;0;0;0;0;33.7465;-13.977461
FDD_Area_3_Police_1;1347;;340;4;0;21;33.76827;-13.98876
FDD_Area_3_Police_2;1347;;60;4;0;21;33.76827;-13.98876
FDD_Area_3_Police_3;1347;;230;4;0;21;33.76827;-13.98876
FDD_Area_30_Industrial_Area_(combined)_1;1347;;0;2;0;30;33.78325;-13.90876
FDD_Area_30_Industrial_Area_(combined)_2;1347;;120;2;0;30;33.78325;-13.90876
FDD_Area_30_Railways_1;1347;;250;1;0;32;33.79091;-13.91207
FDD_Area_30_Railways_2;1347;;20;2;0;32;33.79091;-13.91207
FDD_Area_30_Railways_3;1347;;140;1;0;32;33.79091;-13.91207
FDD_Area_36_1;1347;;60;2;0;29;33.78563;-14.01797
FDD_Area_36_2;1347;;160;3;0;29;33.78563;-14.01797
FDD_Area_36_3;1347;;300;3;0;29;33.78563;-14.01797
FDD_Area_36_Katantha_1;1347;;30;3;0;30;33.77425;-14.00938
FDD_Area_36_Katantha_2;1347;;130;3;0;30;33.77425;-14.00938
FDD_Area_36_Katantha_3;1347;;250;3;0;30;33.77425;-14.00938
FDD_Area_36_mbuka_1;1347;;0;2;0;30;33.77682;-14.0128
FDD_Area_36_mbuka_2;1347;;120;2;0;30;33.77682;-14.0128
FDD_Area_36_TC_1;1347;;20;0;0;30;33.77792;-14.02118
FDD_Area_36_TC_2;1347;;180;0;0;30;33.77792;-14.02118
FDD_Area_36_TC_3;1347;;310;0;0;30;33.77792;-14.02118
FDD_Area_38_1;1347;;0;0;0;30;33.79136;-14.03846
FDD_Area_38_2;1347;;120;0;0;30;33.79136;-14.03846
FDD_Area_38_3;1347;;340;0;0;30;33.79136;-14.03846
FDD_Area_4_1;1347;;320;3;0;28;33.76968;-13.98366
FDD_Area_4_2;1347;;90;3;0;28;33.76968;-13.98366
FDD_Area_4_3;1347;;190;3;0;28;33.76968;-13.98366
FDD_Area_43_Africa_House_1;1347;;0;2;0;30;33.80282;-13.92948
FDD_Area_43_Africa_House_2;1347;;120;2;0;30;33.80282;-13.92948
FDD_Area_43_New_1;1347;;0;2;0;27;33.81234;-13.9225
FDD_Area_43_New_2;1347;;120;3;0;27;33.81234;-13.9225
FDD_Area_43_New_3;1347;;270;2;0;27;33.81234;-13.9225
FDD_Area_47_Bwandilo_1;1347;;90;3;0;36;33.76669;-13.95211
FDD_Area_47_Bwandilo_2;1347;;160;3;0;36;33.76669;-13.95211
FDD_Area_47_Bwandilo_3;1347;;250;3;0;36;33.76669;-13.95211
FDD_Area_47_Sector_5_1;1347;;260;3;0;30;33.75111;-13.95398
FDD_Area_47_Sector_5_2;1347;;160;3;0;30;33.75111;-13.95398
FDD_Area_48_1;1347;;0;3;0;30;33.7618;-13.9405
FDD_Area_48_2;1347;;160;3;0;30;33.7618;-13.9405
FDD_Area_48_3;1347;;270;3;0;30;33.7618;-13.9405
FDD_Area_49_Baghdad_1;1347;;0;0;0;0;33.760252;-13.909011
FDD_Area_49_Baghdad_2;1347;;0;0;0;0;33.760252;-13.909011
FDD_Area_49_Baghdad_3;1347;;0;0;0;0;33.760252;-13.909011
FDD_Area_49_Dubai_1;1347;;90;3;0;27;33.7612;-13.91711
FDD_Area_49_Dubai_2;1347;;210;2;0;27;33.7612;-13.91711
FDD_Area_49_Dubai_3;1347;;310;2;0;27;33.7612;-13.91711
FDD_Area_49_Gulliver_1;1347;;0;3;0;30;33.75004;-13.93442
FDD_Area_49_Gulliver_2;1347;;120;3;0;30;33.75004;-13.93442
FDD_Area_49_Market_1;1347;;0;2;0;30;33.74538;-13.90934
FDD_Area_49_Market_2;1347;;120;2;0;30;33.74538;-13.90934
FDD_Area_49_Mvama_1;1347;;20;3;0;30;33.74772;-13.91124
FDD_Area_49_Mvama_2;1347;;140;3;0;30;33.74772;-13.91124
FDD_Area_49_Mvama_3;1347;;270;3;0;30;33.74772;-13.91124
FDD_Area_49_New_Shire_1;1347;;0;3;0;30;33.73442;-13.92292
FDD_Area_49_New_Shire_2;1347;;120;3;0;30;33.73442;-13.92292
FDD_Area_49_Shire_1;1347;;0;0;0;30;33.7396;-13.9313
FDD_Area_49_Shire_2;1347;;120;0;0;30;33.7396;-13.9313
FDD_Area_49_Shire_3;1347;;220;0;0;30;33.7396;-13.9313
FDD_Area_5_Chilambula_1;1347;;90;3;0;30;33.7691;-13.97919
FDD_Area_5_Chilambula_2;1347;;210;3;0;30;33.7691;-13.97919
FDD_Area_5_Chilambula_3;1347;;300;3;0;30;33.7691;-13.97919
FDD_Area_50_1;1347;;80;0;0;38;33.75088;-13.90106
FDD_Area_50_2;1347;;160;1;0;38;33.75088;-13.90106
FDD_Area_50_3;1347;;280;2;0;32;33.75088;-13.90106
FDD_Area_9_1;1347;;250;3;0;30;33.74843;-13.98256
FDD_Area_9_2;1347;;40;3;0;30;33.74843;-13.98256
FDD_Area_9_3;1347;;140;3;0;30;33.74843;-13.98256
FDD_Aret_1;1347;;0;0;0;0;33.72914;-13.97343
FDD_Balaka_1;1347;;70;4;0;30;34.95622;-14.98983
FDD_Balaka_2;1347;;140;4;0;30;34.95622;-14.98983
FDD_Balaka_3;1347;;280;4;0;30;34.95622;-14.98983
FDD_Balaka_Majiga_1;1347;;0;2;0;30;34.96919;-14.98591
FDD_Bangula_1;1347;;0;2;0;30;35.11371;-16.57129
FDD_Bangula_2;1347;;120;2;0;30;35.11371;-16.57129
FDD_Bangwe_Police_1;1347;;0;2;0;30;35.11468;-15.83884
FDD_Bangwe_Police_2;1347;;120;2;0;30;35.11468;-15.83884
FDD_BCA_1;1347;;310;0;0;26;35.07733;-15.84104
FDD_BCA_2;1347;;140;1;0;26;35.07733;-15.84104
FDD_BCA_3;1347;;240;1;0;26;35.07733;-15.84104
FDD_Bca_hill_1;1347;;30;0;0;28;35.066;-15.83368
FDD_Bca_hill_2;1347;;190;0;0;28;35.066;-15.83368
FDD_Bca_hill_3;1347;;290;1;0;32;35.066;-15.83368
FDD_BICC_1;1347;;40;2;0;50;33.79153;-13.9549
FDD_BICC_2;1347;;160;4;0;50;33.79153;-13.9549
FDD_BICC_3;1347;;250;2;0;50;33.79153;-13.9549
FDD_Bilira_1;1347;;240;2;0;30;34.84686;-14.82925
FDD_Biwi_Township_1;1347;;0;4;0;27;33.79463;-14.00026
FDD_Biwi_Township_2;1347;;130;2;0;27;33.79463;-14.00026
FDD_Biwi_Township_3;1347;;240;2;0;27;33.79463;-14.00026
FDD_Biwi_Triangle_1;1347;;0;2;0;18;33.7857;-14.0099
FDD_Biwi_Triangle_2;1347;;170;2;0;18;33.7857;-14.0099
FDD_Biwi_Triangle_3;1347;;270;2;0;18;33.7857;-14.0099
FDD_Bolero_1;1347;;0;2;0;30;33.74169;-10.98375
FDD_Bolero_2;1347;;120;2;0;30;33.74169;-10.98375
FDD_Bolero_3;1347;;240;2;0;30;33.74169;-10.98375
FDD_Botanic_1;1347;;100;4;0;38;34.01738;-11.42841
FDD_Botanic_2;1347;;220;4;0;38;34.01738;-11.42841
FDD_Botanic_3;1347;;330;2;0;38;34.01738;-11.42841
FDD_Bua_1;1347;;0;2;0;30;33.5236;-13.28497
FDD_Bulala_1;1347;;0;2;0;30;33.4458;-11.67734
FDD_Bulala_2;1347;;120;2;0;30;33.4458;-11.67734
FDD_Bunda_1;1347;;308;2;0;20;33.77531;-14.1784
FDD_Bunda_2;1347;;150;2;0;25;33.77531;-14.1784
FDD_Bunda_3;1347;;260;3;0;25;33.77531;-14.1784
FDD_Bvumbwe_1;1347;;330;1;0;38;35.08739;-15.92518
FDD_Bvumbwe_2;1347;;100;1;0;38;35.08739;-15.92518
FDD_Bvumbwe_3;1347;;230;3;0;38;35.08739;-15.92518
FDD_Bwalolanjobvu_1;1347;;0;0;0;0;33.77805;-13.98353
FDD_Bwalolanjobvu_2;1347;;0;0;0;0;33.77805;-13.98353
FDD_Bwatalika_1;1347;;0;2;0;30;33.54873;-14.0036
FDD_Bwengu_1;1347;;0;2;0;30;33.89943;-11.04358
FDD_Bwengu_2;1347;;120;2;0;30;33.89943;-11.04358
FDD_Cape_Maclear_1;1347;;250;4;0;30;34.83729;-14.02759
FDD_Cape_Maclear_2;1347;;40;4;0;30;34.83729;-14.02759
FDD_Cape_Maclear_3;1347;;110;4;0;30;34.83729;-14.02759
FDD_Capital_Hotel_1;1347;;0;0;0;0;33.7963;-13.95582
FDD_Capital_Hotel_2;1347;;0;0;0;0;33.7963;-13.95582
FDD_Catholic_Institute_1;1347;;60;2;0;20;35.00143;-15.80658
FDD_Catholic_Institute_2;1347;;190;2;0;18;35.00143;-15.80658
FDD_Catholic_Institute_3;1347;;280;2;0;20;35.00143;-15.80658
FDD_Catholic_University_1;1347;;0;4;0;25;35.17875;-15.8265
FDD_Catholic_University_2;1347;;100;4;0;25;35.17875;-15.8265
FDD_Catholic_University_3;1347;;250;4;0;25;35.17875;-15.8265
FDD_Chanco_1;1347;;0;4;0;40;35.34045;-15.3907
FDD_Chanco_2;1347;;100;0;0;40;35.34045;-15.3907
FDD_Chanco_3;1347;;240;4;0;40;35.34045;-15.3907
FDD_Changalume_1;1347;;0;2;0;30;35.2278;-15.3831
FDD_Chapima_Heights_1;1347;;0;0;0;0;34.98606;-15.77621
FDD_Chapima_Heights_2;1347;;0;0;0;0;34.98606;-15.77621
FDD_Chapima_Heights_3;1347;;0;0;0;0;34.98606;-15.77621
FDD_Chayamba_House_1;1347;;80;2;0;41;35.00541;-15.787
FDD_Chayamba_House_2;1347;;210;1;0;41;35.00541;-15.787
FDD_Chayamba_House_3;1347;;290;1;0;41;35.00541;-15.787
FDD_Chembera_1;1347;;0;2;0;30;35.0576;-14.9123
FDD_Chemusa_1;1347;;20;1;0;44;34.99841;-15.76486
FDD_Chemusa_2;1347;;150;0;0;40;34.99841;-15.76486
FDD_Chemusa_3;1347;;280;2;0;40;34.99841;-15.76486
FDD_Chichiri_MBC_1;1347;;0;2;0;30;35.02946;-15.803
FDD_Chichiri_MBC_2;1347;;120;2;0;30;35.02946;-15.803
FDD_Chichiri_School_1;1347;;60;1;0;32;35.04381;-15.80363
FDD_Chichiri_School_2;1347;;150;1;0;32;35.04381;-15.80363
FDD_Chichiri_School_3;1347;;295;2;0;32;35.04381;-15.80363
FDD_Chigumula_1;1347;;0;2;0;30;35.06517;-15.8899
FDD_Chigumula_2;1347;;120;2;0;30;35.06517;-15.8899
FDD_Chigumula_Commercial_1;1347;;0;2;0;40;35.0568;-15.84683
FDD_Chigumula_Commercial_2;1347;;120;2;0;40;35.0568;-15.84683
FDD_Chikale_Beach_1;1347;;130;2;0;30;34.30047;-11.61494
FDD_Chikoko_bay_1;1347;;0;2;0;30;34.9293;-14.1355
FDD_Chikuli_1;1347;;0;2;0;30;34.87974;-15.66598
FDD_Chikwawa_1;1347;;0;2;0;30;34.78896;-16.02605
FDD_Chikweo_1;1347;;0;2;0;30;35.66979;-14.78095
FDD_Chilangoma_1;1347;;120;2;0;40;34.93531;-15.62278
FDD_Chileka_Road_1;1347;;350;0;0;34;35.00735;-15.71419
FDD_Chileka_Road_2;1347;;100;1;0;34;35.00735;-15.71419
FDD_Chileka_Road_3;1347;;210;1;0;34;35.00735;-15.71419
FDD_Chilinde_1;1347;;0;3;0;22;33.81804;-13.9952
FDD_Chilinde_2;1347;;120;3;0;22;33.81804;-13.9952
FDD_Chilinde_3;1347;;240;3;0;22;33.81804;-13.9952
FDD_Chilinde_Parish_1;1347;;40;3;0;30;33.8094;-13.99533
FDD_Chilinde_Parish_2;1347;;220;3;0;30;33.8094;-13.99533
FDD_Chilinde_Parish_3;1347;;320;3;0;30;33.8094;-13.99533
FDD_Chilobwe_1;1347;;340;0;0;33;35.00608;-15.8337
FDD_Chilobwe_2;1347;;100;1;0;36;35.00608;-15.8337
FDD_Chilobwe_3;1347;;210;0;0;38;35.00608;-15.8337
FDD_Chilomoni_1;1347;;50;1;0;44;34.9883;-15.76874
FDD_Chilomoni_2;1347;;150;1;0;40;34.9883;-15.76874
FDD_Chilomoni_3;1347;;330;1;0;42;34.9883;-15.76874
FDD_Chilomoni_Fargo_1;1347;;340;4;0;24;34.98258;-15.77922
FDD_Chilomoni_Fargo_2;1347;;30;4;0;16;34.98258;-15.77922
FDD_Chilomoni_Fargo_3;1347;;230;4;0;16;34.98258;-15.77922
FDD_Chilomoni_Market_1;1347;;0;2;0;20;34.98157;-15.77333
FDD_Chilomoni_Market_2;1347;;130;1;0;20;34.98157;-15.77333
FDD_Chilomoni_Market_3;1347;;220;0;0;20;34.98157;-15.77333
FDD_Chilumba_1;1347;;0;2;0;30;34.24458;-10.429
FDD_Chimaliro_1;1347;;350;1;0;39;35.07095;-15.85332
FDD_Chimaliro_2;1347;;100;1;0;39;35.07095;-15.85332
FDD_Chimaliro_3;1347;;280;1;0;39;35.07095;-15.85332
FDD_Chinakanaka_1;1347;;0;2;0;30;35.37572;-15.98854
FDD_Chinamwali_1;1347;;20;3;0;30;35.36347;-15.37843
FDD_Chinamwali_2;1347;;150;3;0;30;35.36347;-15.37843
FDD_Chinamwali_3;1347;;240;3;0;30;35.36347;-15.37843
FDD_Chinsapo_1;1347;;0;0;0;30;33.72041;-14.01059
FDD_Chinsapo_2;1347;;120;0;0;30;33.72041;-14.01059
FDD_Chinsapo_3;1347;;230;0;0;30;33.72041;-14.01059
FDD_Chinsapo_Bwemba_1;1347;;0;0;0;0;33.724388;-14.001756
FDD_Chinsapo_Bwemba_2;1347;;0;0;0;0;33.724388;-14.001756
FDD_Chinsapo_Bwemba_3;1347;;0;0;0;0;33.724388;-14.001756
FDD_Chinsapo_TC_1;1347;;250;2;0;26;33.72331;-14.02243
FDD_Chinsapo_TC_2;1347;;300;2;0;26;33.72331;-14.02243
FDD_Chinsapo_TC_3;1347;;30;2;0;26;33.72331;-14.02243
FDD_Chinseu_1;1347;;60;1;0;38;35.03434;-15.77532
FDD_Chinseu_2;1347;;180;1;0;38;35.03434;-15.77532
FDD_Chinseu_3;1347;;300;1;0;38;35.03434;-15.77532
FDD_Chintheche_1;1347;;0;2;0;30;34.16768;-11.82554
FDD_Chinyonga_1;1347;;350;1;0;32;35.03832;-15.81669
FDD_Chinyonga_2;1347;;130;0;0;31;35.03832;-15.81669
FDD_Chinyonga_3;1347;;250;1;0;31;35.03832;-15.81669
FDD_Chipasula_1;1347;;0;3;0;30;33.79953;-14.0076
FDD_Chipasula_2;1347;;90;3;0;30;33.79953;-14.0076
FDD_Chipasula_3;1347;;180;3;0;30;33.79953;-14.0076
FDD_Chiphole_1;1347;;230;2;0;30;34.85951;-13.65632
FDD_Chipoka_1;1347;;0;2;0;30;34.51617;-13.99386
FDD_Chiponde_1;1347;;0;0;0;0;35.56974;-14.36909
FDD_Chiputula_1;1347;;0;3;0;30;34.01955;-11.44122
FDD_Chiputula_2;1347;;120;3;0;30;34.01955;-11.44122
FDD_Chiputula_3;1347;;0;0;0;0;34.01955;-11.44122
FDD_Chiradzulu_1;1347;;0;2;0;30;35.18632;-15.70217
FDD_Chiradzulu_Hospital_1;1347;;0;2;0;30;35.17445;-15.71598
FDD_Chirimba_1;1347;;90;1;0;24;35.01457;-15.74193
FDD_Chirimba_2;1347;;120;3;0;30;35.01457;-15.74193
FDD_Chirimba_3;1347;;200;3;0;30;35.01457;-15.74193
FDD_Chirimba_Dennis_1;1347;;20;0;0;36;35.01941;-15.74595
FDD_Chirimba_Dennis_2;1347;;100;1;0;36;35.01941;-15.74595
FDD_Chirimba_Dennis_3;1347;;260;1;0;36;35.01941;-15.74595
FDD_Chirimba_Industrial_1;1347;;0;2;0;30;35.02917;-15.74369
FDD_Chirimba_Industrial_2;1347;;0;0;0;0;35.02917;-15.74369
FDD_Chirimba_Industrial_3;1347;;0;0;0;0;35.02917;-15.74369
FDD_Chirimba_Ntoso_1;1347;;90;1;0;18;35.00668;-15.73635
FDD_Chirimba_Ntoso_2;1347;;200;1;0;18;35.00668;-15.73635
FDD_Chirimba_Ntoso_3;1347;;300;1;0;18;35.00668;-15.73635
FDD_Chiringa_1;1347;;0;2;0;30;35.7404;-15.7553
FDD_Chiripa_1;1347;;0;2;0;30;34.9599;-14.70474
FDD_Chisasu_1;1347;;70;4;0;36;33.46084;-9.73027
FDD_Chisasu_2;1347;;180;4;0;36;33.46084;-9.73027
FDD_Chisitu_1;1347;;320;4;0;36;35.44472;-15.9913
FDD_Chisugulu_Hill_1;1347;;0;0;0;0;35.52095;-15.6588
FDD_Chisugulu_Hill_2;1347;;0;0;0;0;35.52095;-15.6588
FDD_Chisugulu_Hill_3;1347;;0;0;0;0;35.52095;-15.6588
FDD_Chitawira_1;1347;;10;0;0;26;35.02336;-15.81151
FDD_Chitawira_2;1347;;165;0;0;24;35.02336;-15.81151
FDD_Chitawira_3;1347;;300;0;0;26;35.02336;-15.81151
FDD_Chitedze_1;1347;;0;2;0;30;33.64024;-13.98586
FDD_Chitimba_1;1347;;0;2;0;30;34.20982;-10.53549
FDD_Chitipa_1;1347;;40;2;0;36;33.262;-9.68956
FDD_Chitipa_2;1347;;110;2;0;36;33.262;-9.68956
FDD_Chitipi_1;1347;;0;0;0;0;33.70136;-14.01379
FDD_Chitipi_2;1347;;0;0;0;0;33.70136;-14.01379
FDD_Chitipi_3;1347;;0;0;0;0;33.70136;-14.01379
FDD_Chiwembe_1;1347;;20;1;0;24;35.05566;-15.83547
FDD_Chiwembe_2;1347;;200;1;0;24;35.05566;-15.83547
FDD_Chiwembe_3;1347;;300;1;0;24;35.05566;-15.83547
FDD_Club_Marina_1;1347;;0;2;0;30;33.93297;-9.933412
FDD_COBBE_1;1347;;10;3;0;30;35.30935;-15.39707
FDD_COBBE_2;1347;;120;3;0;30;35.30935;-15.39707
FDD_COBBE_3;1347;;240;3;0;30;35.30935;-15.39707
FDD_Cobbe_Barracks_1;1347;;20;4;0;30;35.30776;-15.38318
FDD_Cobbe_Barracks_2;1347;;120;4;0;30;35.30776;-15.38318
FDD_Cobbe_Barracks_3;1347;;270;4;0;30;35.30776;-15.38318
FDD_Cold_Storage_1;1347;;90;4;0;24;33.7326;-14.0131
FDD_Cold_Storage_2;1347;;180;4;0;28;33.7326;-14.0131
FDD_Cold_Storage_3;1347;;330;1;0;28;33.7326;-14.0131
FDD_Dedza_Peak_1;1347;;0;2;0;30;34.32489;-14.37669
FDD_Dedza_Pottery_1;1347;;0;2;0;30;34.31531;-14.38461
FDD_Dedza_Pottery_2;1347;;120;2;0;30;34.31531;-14.38461
FDD_Dedza_Town_1;1347;;152;0;0;30;34.32489;-14.37669
FDD_Dedza_Town_2;1347;;262;0;0;30;34.32489;-14.37669
FDD_Dedza_Town_3;1347;;319;0;0;30;34.32489;-14.37669
FDD_Domasi_1;1347;;0;2;0;30;35.38472;-15.27944
FDD_Domwe_1;1347;;0;2;0;30;33.7375;-10.4158
FDD_Domwe_2;1347;;0;2;0;30;33.7375;-10.4158
FDD_Dowa_1;1347;;0;2;0;30;33.93727;-13.65557
FDD_Dunduzu_Road_Block_1;1347;;0;2;0;30;33.95859;-11.3964
FDD_Dwangwa_Club_1;1347;;0;0;0;0;34.14571;-12.499
FDD_Dwangwa_Club_2;1347;;0;0;0;0;34.14571;-12.499
FDD_Dwangwa_Club_3;1347;;0;0;0;0;34.14571;-12.499
FDD_Dwangwa_Factory_1;1347;;310;4;0;30;34.15676;-12.49802
FDD_Dwangwa_Factory_2;1347;;140;4;0;30;34.15676;-12.49802
FDD_Dwangwa_TC_1;1347;;0;4;0;30;34.10888;-12.50677
FDD_Dwangwa_TC_2;1347;;100;4;0;30;34.10888;-12.50677
FDD_Dyeratu_1;1347;;0;2;0;30;34.80083;-16.04083
FDD_Dzaleka_1;1347;;0;0;0;0;33.86232;-13.66163
FDD_Dzenza_CCAP_1;1347;;0;2;0;30;33.7488;-13.8775
FDD_Dzenza_CCAP_2;1347;;120;2;0;30;33.7488;-13.8775
FDD_Edingeni_1;1347;;0;2;0;30;33.31356;-12.0468
FDD_Edingeni_2;1347;;120;2;0;30;33.31356;-12.0468
FDD_Ekwendeni_1;1347;;20;3;0;30;33.88057;-11.36896
FDD_Ekwendeni_2;1347;;120;3;0;30;33.88057;-11.36896
FDD_Ekwendeni_3;1347;;0;2;0;30;33.88057;-11.36896
FDD_Embangweni_1;1347;;30;4;0;36;33.47736;-12.13842
FDD_Embangweni_2;1347;;140;4;0;36;33.47736;-12.13842
FDD_Embangweni_3;1347;;250;4;0;36;33.47736;-12.13842
FDD_Enukweni_1;1347;;0;2;0;30;33.89735;-11.21766
FDD_Enukweni_2;1347;;120;2;0;30;33.89735;-11.21766
FDD_Enukweni_3;1347;;240;2;0;30;33.89735;-11.21766
FDD_Eswazini_1;1347;;0;2;0;30;33.65906;-11.73333
FDD_Euthini_1;1347;;0;2;0;30;33.41399;-11.4504
FDD_Euthini_2;1347;;0;4;0;36;33.41399;-11.4504
FDD_Fatima_1;1347;;0;2;0;30;35.17117;-16.41414
FDD_Flea_Market_1;1347;;0;2;0;30;33.77443;-13.9885
FDD_Flea_Market_2;1347;;120;2;0;30;33.77443;-13.9885
FDD_Fukafuka_1;1347;;10;1;0;38;35.09097;-15.82109
FDD_Fukafuka_2;1347;;190;4;0;38;35.09097;-15.82109
FDD_Fukafuka_3;1347;;240;2;0;38;35.09097;-15.82109
FDD_Gestetner_1;1347;;30;1;0;26;35.01598;-15.79266
FDD_Gestetner_2;1347;;190;0;0;26;35.01598;-15.79266
FDD_Gestetner_3;1347;;300;0;0;26;35.01598;-15.79266
FDD_Golden_Peackock_1;1347;;0;0;0;0;33.79648;-13.96082
FDD_Golden_Peackock_2;1347;;0;0;0;0;33.79648;-13.96082
FDD_Goliati_1;1347;;20;4;0;36;35.1975;-15.93724
FDD_Gulliver_Stadium_1;1347;;30;2;0;34;33.75055;-13.9412
FDD_Gulliver_Stadium_2;1347;;120;2;0;34;33.75055;-13.9412
FDD_Gulliver_Stadium_3;1347;;240;2;0;34;33.75055;-13.9412
FDD_Henred_1;1347;;0;2;0;30;35.03554;-15.78772
FDD_Henred_2;1347;;120;2;0;30;35.03554;-15.78772
FDD_HHI_1;1347;;50;3;0;40;35.02155;-15.78281
FDD_HHI_2;1347;;140;2;0;40;35.02155;-15.78281
FDD_HHI_3;1347;;255;1;0;38;35.02155;-15.78281
FDD_Hiltop_1;1347;;0;1;0;28;34.00791;-11.4712
FDD_Hiltop_2;1347;;90;1;0;28;34.00791;-11.4712
FDD_Hiltop_3;1347;;250;3;0;28;34.00791;-11.4712
FDD_Immigration_Building_1;1347;;80;0;0;18;35.00515;-15.79053
FDD_Jali_1;1347;;0;2;0;30;35.46643;-15.49179
FDD_Jenda_1;1347;;0;2;0;30;33.57585;-12.32558
FDD_Jenda_2;1347;;120;2;0;30;33.57585;-12.32558
FDD_Jenda_TC_1;1347;;0;0;0;0;33.55127;-12.36214
FDD_Kachere_1;1347;;320;1;0;18;35.08658;-15.80838
FDD_Kachere_2;1347;;60;1;0;18;35.08658;-15.80838
FDD_Kachere_3;1347;;220;1;0;19;35.08658;-15.80838
FDD_Kafukule_1;1347;;80;4;0;40;33.63;-11.42667
FDD_Kafukule_2;1347;;190;4;0;40;33.63;-11.42667
FDD_Kameza_1;1347;;0;2;0;30;35.02609;-15.73258
FDD_Kameza_2;1347;;0;0;0;0;35.02609;-15.73258
FDD_Kameza_3;1347;;0;0;0;0;35.02609;-15.73258
FDD_Kamphata_1;1347;;0;2;0;30;34.00506;-14.10317
FDD_Kamuzu_Acaemy_1;1347;;0;0;0;0;33.68236;-13.02533
FDD_Kamuzu_Baracks_1;1347;;90;1;0;27;33.8202;-13.97927
FDD_Kamuzu_Baracks_2;1347;;160;2;0;27;33.8202;-13.97927
FDD_Kamuzu_Baracks_3;1347;;230;2;0;27;33.8202;-13.97927
FDD_Kamuzu_Road_1;1347;;0;2;0;30;34.4403;-13.77061
FDD_Kamuzu_Road_2;1347;;120;2;0;30;34.4403;-13.77061
FDD_Kanengo_Farmers_World_1;1347;;100;0;0;25;33.79858;-13.89818
FDD_Kanengo_Farmers_World_2;1347;;0;0;0;0;33.79858;-13.89818
FDD_Kanengo_MBC_1;1347;;0;0;0;0;33.80317;-13.87119
FDD_Kangombe_1;1347;;0;3;0;40;33.79262;-13.95905
FDD_Kangombe_2;1347;;120;2;0;40;33.79262;-13.95905
FDD_Kangombe_3;1347;;230;2;0;40;33.79262;-13.95905
FDD_Kanjedza_1;1347;;80;1;0;40;35.04736;-15.81336
FDD_Kanjedza_2;1347;;190;1;0;40;35.04736;-15.81336
FDD_Kanjedza_3;1347;;310;0;0;40;35.04736;-15.81336
FDD_Kapili_1;1347;;0;2;0;30;34.31344;-13.21581
FDD_Karonga_1;1347;;0;4;0;30;33.92572;-9.93754
FDD_Karonga_2;1347;;120;4;0;30;33.92572;-9.93754
FDD_Karonga_3;1347;;240;4;0;30;33.92572;-9.93754
FDD_Karonga_Airport_1;1347;;0;2;0;30;33.89685;-9.949675
FDD_Karonga_Airport_2;1347;;120;2;0;30;33.89685;-9.949675
FDD_Karonga_Turn_Off_1;1347;;20;3;0;30;33.9173;-9.9555
FDD_Karonga_Turn_Off_2;1347;;160;3;0;30;33.9173;-9.9555
FDD_Karonga_Turn_Off_3;1347;;300;3;0;30;33.9173;-9.9555
FDD_Kasasa_1;1347;;0;4;0;30;34.11558;-12.54423
FDD_Kasasa_2;1347;;60;4;0;30;34.11558;-12.54423
FDD_Kasasa_3;1347;;140;4;0;30;34.11558;-12.54423
FDD_Kasungu_1;1347;;89;3;0;30;33.49921;-13.04783
FDD_Kasungu_2;1347;;205;3;0;30;33.49921;-13.04783
FDD_Kasungu_3;1347;;315;3;0;30;33.49921;-13.04783
FDD_Kasungu_Boma_School_1;1347;;0;2;0;30;33.47849;-13.04814
FDD_Kasungu_Community_1;1347;;0;2;0;30;33.4901;-13.0223
FDD_Kasungu_Community_2;1347;;120;2;0;30;33.4901;-13.0223
FDD_Kasungu_Town_1;1347;;10;4;0;30;33.48159;-13.03715
FDD_Kasungu_Town_2;1347;;80;4;0;30;33.48159;-13.03715
FDD_Kasungu_Town_3;1347;;210;4;0;30;33.48159;-13.03715
FDD_Kasungu_TTC_1;1347;;0;2;0;30;33.46549;-13.01886
FDD_Katawa_1;1347;;90;3;0;30;34.0258;-11.442
FDD_Katawa_2;1347;;150;3;0;30;34.0258;-11.442
FDD_Katawa_3;1347;;330;3;0;30;34.0258;-11.442
FDD_Katoto_School_1;1347;;0;2;0;50;34.0074;-11.46019
FDD_Katoto_School_2;1347;;80;2;0;50;34.0074;-11.46019
FDD_Katoto_School_3;1347;;220;3;0;50;34.0074;-11.46019
FDD_Katuli_1;1347;;0;2;0;30;35.446;-14.1841
FDD_Kawalazi_1;1347;;0;2;0;30;34.06954;-11.66974
FDD_Kawale_1;1347;;40;3;0;27;33.8021;-13.9879
FDD_Kawale_2;1347;;240;3;0;27;33.8021;-13.9879
FDD_Kawale_2_1;1347;;30;3;0;30;33.8021;-13.9879
FDD_Kawale_2_2;1347;;140;3;0;30;33.8021;-13.9879
FDD_Kawale_3;1347;;280;6;0;27;33.8021;-13.9879
FDD_Kilipula_House_1;1347;;0;2;0;30;33.76752;-13.987
FDD_Kilipula_House_2;1347;;120;2;0;30;33.76752;-13.987
FDD_Kuchawe_Inn_1;1347;;350;2;0;42;35.31419;-15.36616
FDD_Kuchawe_Inn_2;1347;;140;2;0;42;35.31419;-15.36616
FDD_Likoma_1;1347;;0;2;0;30;34.72267;-12.06945
FDD_Likungwati_1;1347;;260;2;0;30;35.33152;-15.4038
FDD_Likungwati_2;1347;;340;5;0;30;35.33152;-15.4038
FDD_Lilongwe_CCAP_1;1347;;0;2;0;30;33.78079;-13.99468
FDD_Lilongwe_CCAP_2;1347;;120;2;0;30;33.78079;-13.99468
FDD_Lilongwe_Gamestores_1;1347;;0;3;0;30;33.76998;-13.98605
FDD_Lilongwe_Gamestores_2;1347;;180;3;0;30;33.76998;-13.98605
FDD_Lilongwe_Gamestores_3;1347;;270;3;0;30;33.76998;-13.98605
FDD_Lilongwe_Office_1;1347;;40;0;0;18;33.75878;-13.97485
FDD_Lilongwe_Office_2;1347;;200;0;0;18;33.75878;-13.97485
FDD_Lilongwe_Office_3;1347;;330;0;0;18;33.75878;-13.97485
FDD_Limbe_Accord_Centre_1;1347;;310;1;0;36;35.05858;-15.80874
FDD_Limbe_Accord_Centre_2;1347;;100;1;0;36;35.05858;-15.80874
FDD_Limbe_Accord_Centre_3;1347;;250;1;0;36;35.05858;-15.80874
FDD_Limbe_Cathedral_1;1347;;60;0;0;38;35.07229;-15.80371
FDD_Limbe_Cathedral_2;1347;;130;2;0;38;35.07229;-15.80371
FDD_Limbe_Cathedral_3;1347;;250;3;0;38;35.07229;-15.80371
FDD_Limbe_Centre_1;1347;;0;2;0;16;35.05671;-15.81284
FDD_Limbe_Centre_2;1347;;130;1;0;14;35.05671;-15.81284
FDD_Limbe_Centre_3;1347;;250;1;0;14;35.05671;-15.81284
FDD_Limbe_Health_Centre_1;1347;;0;0;0;0;35.05232;-15.81698
FDD_Limbe_Health_Centre_2;1347;;0;0;0;0;35.05232;-15.81698
FDD_Limbe_Health_Centre_3;1347;;0;0;0;0;35.05232;-15.81698
FDD_Limbe_Medicines_1;1347;;0;0;0;0;35.06123;-15.82322
FDD_Limbe_Medicines_2;1347;;0;0;0;0;35.06123;-15.82322
FDD_Limbe_Medicines_3;1347;;0;0;0;0;35.06123;-15.82322
FDD_Limbe_Police_1;1347;;20;0;0;18;35.05991;-15.81956
FDD_Limbe_Police_2;1347;;160;1;0;18;35.05991;-15.81956
FDD_Limbe_Police_3;1347;;320;1;0;18;35.05991;-15.81956
FDD_Lirangwe_1;1347;;0;2;0;30;35.03;-15.53144
FDD_Livingstone_Towers_1;1347;;20;2;0;40;35.0072;-15.7858
FDD_Livingstone_Towers_2;1347;;140;2;0;40;35.0072;-15.7858
FDD_Livingstone_Towers_3;1347;;330;2;0;40;35.0072;-15.7858
FDD_Livingstonia_beach_1;1347;;188;0;0;52;34.62535;-13.72164
FDD_Livingstonia_beach_2;1347;;197;0;0;52;34.62535;-13.72164
FDD_Liwaladzi_1;1347;;0;2;0;30;34.14455;-12.59498
FDD_Liwonde_1;1347;;90;3;0;30;35.2274;-15.06923
FDD_Liwonde_2;1347;;220;3;0;30;35.2274;-15.06923
FDD_Liwonde_3;1347;;330;3;0;30;35.2274;-15.06923
FDD_Liwonde_Residential_1;1347;;10;4;0;30;35.24324;-15.07599
FDD_Liwonde_Residential_2;1347;;190;4;0;30;35.24324;-15.07599
FDD_Liwonde_Residential_3;1347;;290;4;0;30;35.24324;-15.07599
FDD_Luchenza_2;1347;;190;3;0;30;35.31162;-16.00179
FDD_Luchenza_Sec_School_1;1347;;0;0;0;0;35.2919;-16.01102
FDD_Lujeri_1;1347;;200;4;0;36;35.65347;-16.02291
FDD_Lumbadzi_1;1347;;110;3;0;30;33.81473;-13.75877
FDD_Lumbadzi_2;1347;;230;3;0;30;33.81473;-13.75877
FDD_Lumbadzi_3;1347;;350;3;0;30;33.81473;-13.75877
FDD_Lumbadzi_TC_1;1347;;0;2;0;30;33.81531;-13.77269
FDD_Lunzu_1;1347;;20;0;0;44;35.0161;-15.6412
FDD_Lunzu_2;1347;;150;0;0;44;35.0161;-15.6412
FDD_Lunzu_TC_Center_1;1347;;320;1;0;45;35.02128;-15.6592
FDD_Lunzu_TC_Center_2;1347;;120;1;0;45;35.02128;-15.6592
FDD_Lunzu_TC_Center_3;1347;;230;0;0;45;35.02128;-15.6592
FDD_Luperere_1;1347;;0;2;0;30;33.54306;-11.79251
FDD_Luperere_2;1347;;120;2;0;30;33.54306;-11.79251
FDD_Lusangazi_1;1347;;0;2;0;30;33.9675;-11.4896
FDD_Luwawa_Forest_1;1347;;0;2;0;30;33.73362;-12.08485
FDD_Luwinga_Industrial_1;1347;;0;2;0;30;34.00621;-11.42393
FDD_Luwinga_Industrial_2;1347;;120;2;0;30;34.00621;-11.42393
FDD_Lwanjati_1;1347;;90;4;0;36;33.69686;-12.37071
FDD_Lwanjati_2;1347;;200;4;0;36;33.69686;-12.37071
FDD_Lwanjati_3;1347;;330;4;0;36;33.69686;-12.37071
FDD_Mabulabo_1;1347;;0;2;0;30;33.6063;-12.605
FDD_Machinjiri_1;1347;;80;1;0;26;35.05129;-15.72265
FDD_Machinjiri_2;1347;;140;1;0;26;35.05129;-15.72265
FDD_Machinjiri_3;1347;;270;3;0;26;35.05129;-15.72265
FDD_Machinjiri_Area_5_1;1347;;10;1;0;34;35.07661;-15.72765
FDD_Machinjiri_Area_5_2;1347;;150;1;0;32;35.07661;-15.72765
FDD_Machinjiri_Area_5_3;1347;;250;1;0;32;35.07661;-15.72765
FDD_Machinjiri_Area_7_1;1347;;0;1;0;24;35.07843;-15.74193
FDD_Machinjiri_Area_7_2;1347;;170;1;0;22;35.07843;-15.74193
FDD_Machinjiri_Area_7_3;1347;;260;1;0;20;35.07843;-15.74193
FDD_Macra_1;1347;;0;2;0;30;35.02041;-15.79617
FDD_Macra_2;1347;;120;2;0;30;35.02041;-15.79617
FDD_Makanjira_1;1347;;0;2;0;30;35.04432;-13.7077
FDD_Makhetha_1;1347;;0;2;0;30;35.06967;-15.78302
FDD_Makhetha_2;1347;;120;2;0;30;35.06967;-15.78302
FDD_Makwasa_1;1347;;0;2;0;30;35.08393;-16.18768
FDD_Makwasa_2;1347;;120;2;0;30;35.08393;-16.18768
FDD_Makwasa_3;1347;;240;2;0;30;35.08393;-16.18768
FDD_Malajira_1;1347;;0;2;0;30;35.2706;-15.4616
FDD_Malangalanga_1;1347;;20;3;0;30;33.77579;-13.9979
FDD_Malangalanga_2;1347;;200;3;0;30;33.77579;-13.9979
FDD_Maldeco_2;1347;;230;4;0;30;35.1489;-14.32704
FDD_Maldeco_3;1347;;320;4;0;30;35.1489;-14.32704
FDD_Malindi_1;1347;;0;2;0;30;35.2971;-14.3477
FDD_Malindi_2;1347;;180;2;0;30;35.2971;-14.3477
FDD_Malingunde_1;1347;;0;2;0;30;33.63396;-14.16518
FDD_Malomo_1;1347;;0;2;0;30;33.8399;-13.15107
FDD_Malosa_1;1347;;0;2;0;30;35.35661;-15.21091
FDD_Malosa_2;1347;;120;2;0;30;35.35661;-15.21091
FDD_Mame_Motel_1;1347;;0;2;0;30;33.6059;-11.91606
FDD_Mandala_1;1347;;20;3;0;40;35.0094;-15.7923
FDD_Mandala_2;1347;;0;2;0;30;35.0094;-15.7923
FDD_Mangochi_1;1347;;310;4;0;30;35.26805;-14.48116
FDD_Mangochi_2;1347;;60;4;0;30;35.26805;-14.48116
FDD_Mangochi_3;1347;;230;4;0;30;35.26805;-14.48116
FDD_Mangochi_ADMARC_1;1347;;330;0;0;30;35.25061;-14.48361
FDD_Mangochi_ADMARC_2;1347;;120;0;0;30;35.25061;-14.48361
FDD_Mangochi_ADMARC_3;1347;;240;0;0;30;35.25061;-14.48361
FDD_Mangochi_Airport_1;1347;;60;3;0;30;35.26692;-14.4925
FDD_Mangochi_Airport_2;1347;;180;3;0;30;35.26692;-14.4925
FDD_Mangochi_Airport_3;1347;;270;3;0;30;35.26692;-14.4925
FDD_Mangochi_MBC_1;1347;;0;2;0;30;35.23901;-14.46308
FDD_Mangochi_Mgundaphiri_1;1347;;0;2;0;30;35.23757;-14.48411
FDD_Mangochi_Mtalimanja_1;1347;;0;3;0;30;35.25641;-14.47311
FDD_Mangochi_Mtalimanja_2;1347;;60;3;0;30;35.25641;-14.47311
FDD_Mangochi_Mtalimanja_3;1347;;240;3;0;30;35.25641;-14.47311
FDD_Mangunda_1;1347;;180;4;0;36;35.25887;-16.02844
FDD_Manja_1;1347;;70;1;0;19;35.02514;-15.8206
FDD_Manja_2;1347;;160;3;0;16;35.02514;-15.8206
FDD_Manja_3;1347;;240;1;0;16;35.02514;-15.8206
FDD_Manyamula_1;1347;;80;4;0;36;33.44589;-11.94456
FDD_Manyamula_2;1347;;180;4;0;36;33.44589;-11.94456
FDD_Manzizi_Bay_1;1347;;0;0;0;0;34.96119;-14.17002
FDD_Mapanga_1;1347;;20;0;0;28;35.09429;-15.76507
FDD_Mapanga_2;1347;;130;0;0;28;35.09429;-15.76507
FDD_Mapanga_3;1347;;200;1;0;28;35.09429;-15.76507
FDD_Marka_1;1347;;0;2;0;30;35.22746;-17.12136
FDD_Masenjere_1;1347;;0;2;0;30;35.09446;-16.3357
FDD_Matawale_1;1347;;340;3;0;30;35.35898;-15.3882
FDD_Matawale_2;1347;;90;3;0;30;35.35898;-15.3882
FDD_Matete;1347;;0;0;0;0;34.07979;-11.96251
FDD_Mbabzi_1;1347;;0;2;0;30;33.68577;-13.9457
FDD_Mbame_1;1347;;0;2;0;30;34.94194;-15.93361
FDD_Mbame_2;1347;;120;2;0;30;34.94194;-15.93361
FDD_Mbayani_1;1347;;20;0;0;34;35.0066;-15.76835
FDD_Mbayani_2;1347;;120;1;0;34;35.0066;-15.76835
FDD_Mbayani_3;1347;;220;1;0;34;35.0066;-15.76835
FDD_Mchengautuba_1;1347;;330;2;0;38;33.9777;-11.4487
FDD_Mchengautuba_2;1347;;100;3;0;42;33.9777;-11.4487
FDD_Mchengautuba_3;1347;;180;1;0;40;33.9777;-11.4487
FDD_Mchezi_1;1347;;0;0;0;0;33.82047;-13.8877
FDD_Mchezi_2;1347;;0;0;0;0;33.82047;-13.8877
FDD_Mdeka_TC_1;1347;;0;2;0;30;34.94326;-15.46215
FDD_Michiru_1;1347;;0;1;0;28;34.99036;-15.76149
FDD_Michiru_2;1347;;145;1;0;28;34.99036;-15.76149
FDD_Michiru_3;1347;;250;1;0;28;34.99036;-15.76149
FDD_Migowi_1;1347;;0;2;0;30;35.703;-15.72166
FDD_Milepa_1;1347;;0;2;0;30;35.31739;-15.68661
FDD_Misesa_1;1347;;100;0;0;36;35.03985;-15.8385
FDD_Misesa_2;1347;;150;0;0;36;35.03985;-15.8385
FDD_Misesa_3;1347;;310;0;0;36;35.03985;-15.8385
FDD_Mitengo_TC_1;1347;;0;2;0;30;35.19038;-16.09041
FDD_Mitundu_1;1347;;0;2;0;30;33.77077;-14.25415
FDD_Mitundu_2;1347;;120;2;0;30;33.77077;-14.25415
FDD_Mogasa_1;1347;;90;3;0;30;33.77877;-13.99332
FDD_Mogasa_2;1347;;140;3;0;30;33.77877;-13.99332
FDD_Mogasa_3;1347;;220;3;0;30;33.77877;-13.99332
FDD_Money_Men_1;1347;;0;0;0;0;34.99784;-15.82325
FDD_Money_Men_2;1347;;0;0;0;0;34.99784;-15.82325
FDD_Money_Men_3;1347;;0;0;0;0;34.99784;-15.82325
FDD_Monkey_Bay_1;1347;;0;2;0;30;34.91328;-14.08248
FDD_Mpamba;1347;;0;0;0;0;34.19144;-11.54646
FDD_Mpemba_1;1347;;0;2;0;30;34.9547;-15.90652
FDD_Mpemba_2;1347;;120;2;0;30;34.9547;-15.90652
FDD_Mpemba_TC_1;1347;;0;0;0;0;34.967585;-15.878229
FDD_Mpemba_TC_2;1347;;0;0;0;0;34.967585;-15.878229
FDD_Mpemba_TC_3;1347;;0;0;0;0;34.967585;-15.878229
FDD_Mpherembe_1;1347;;0;2;0;30;33.65223;-11.35417
FDD_Mpherembe_2;1347;;120;2;0;30;33.65223;-11.35417
FDD_Mpherembe_TC_1;1347;;0;2;0;30;33.65223;-11.35417
FDD_Mpingwe_1;1347;;340;2;0;34;35.0866;-15.80848
FDD_Mpingwe_2;1347;;180;1;0;36;35.0866;-15.80848
FDD_Mpingwe_3;1347;;220;2;0;34;35.0866;-15.80848
FDD_MRA_Msonkho_House_Msonkho_1;1347;;0;0;0;0;34.98996;-15.78804
FDD_Msenjere_1;1347;;0;2;0;30;34.1704;-12.73005
FDD_Mt_Soche_Hotel_Hotel_1;1347;;0;0;0;0;35.00593;-15.78417
FDD_Mt_Soche_Hotel_Hotel_2;1347;;0;0;0;0;35.00593;-15.78417
FDD_Mt_Soche_Hotel_Hotel_3;1347;;0;0;0;0;35.00593;-15.78417
FDD_Mtandile_1;1347;;0;0;0;0;33.73596;-13.9412
FDD_Mtandile_2;1347;;0;0;0;0;33.73596;-13.9412
FDD_Mtsiridza_1;1347;;20;0;0;30;33.73568;-13.95217
FDD_Mtsiridza_2;1347;;140;0;0;30;33.73568;-13.95217
FDD_Mtsiridza_3;1347;;280;0;0;30;33.73568;-13.95217
FDD_Mulanje_1;1347;;270;4;0;38;35.51518;-16.02416
FDD_Mulanje_Market_1;1347;;40;3;0;30;35.50631;-16.02428
FDD_Mulanje_Market_2;1347;;170;3;0;30;35.50631;-16.02428
FDD_Mulanje_Market_3;1347;;240;3;0;30;35.50631;-16.02428
FDD_Mulanje_Mission_1;1347;;0;2;0;30;35.4638;-16.0249
FDD_Mulomba_1;1347;;0;2;0;30;35.5166;-15.7642
FDD_Muloza_2;1347;;100;4;0;36;35.71714;-16.07506
FDD_Mulunguzi_1;1347;;65;3;0;30;35.33538;-15.37241
FDD_Mulunguzi_2;1347;;160;3;0;30;35.33538;-15.37241
FDD_Mulunguzi_3;1347;;250;3;0;30;35.33538;-15.37241
FDD_MUST_1;1347;;0;2;0;30;35.21784;-15.90208
FDD_MUST_3;1347;;120;2;0;30;35.21784;-15.90208
FDD_Mwaiwathu_Hospital_1;1347;;300;0;0;30;35.01674;-15.78511
FDD_Mwaiwathu_Hospital_2;1347;;120;0;0;30;35.01674;-15.78511
FDD_Mwaiwathu_Hospital_3;1347;;160;0;0;30;35.01674;-15.78511
FDD_Mwanza_1;1347;;0;2;0;30;34.52145;-15.60801
FDD_Mwanza_2;1347;;120;2;0;30;34.52145;-15.60801
FDD_Mwanza_border_1;1347;;0;2;0;30;34.49463;-15.58217
FDD_Mwima_1;1347;;0;2;0;30;35.1815;-14.92793
FDD_MZ_Area_1B_1;1347;;0;0;0;0;33.99587;-11.40235
FDD_MZ_Area_1B_2;1347;;0;0;0;0;33.99587;-11.40235
FDD_Mzimba_1;1347;;20;3;0;30;33.59587;-11.90003
FDD_Mzimba_2;1347;;120;3;0;30;33.59587;-11.90003
FDD_Mzimba_Hospital_1;1347;;0;0;0;30;33.59587;-11.90003
FDD_Mzimba_Hospital_2;1347;;90;0;0;30;33.59587;-11.90003
FDD_Mzimba_Hospital_3;1347;;160;0;0;30;33.59587;-11.90003
FDD_Mzuzu_Chibanja_1;1347;;0;3;0;38.5;34.00769;-11.4373
FDD_Mzuzu_Chibanja_2;1347;;160;3;0;38;34.00769;-11.4373
FDD_Mzuzu_Chibanja_3;1347;;250;3;0;38;34.00769;-11.4373
FDD_Mzuzu_Chimaliro_1;1347;;350;1;0;39;34.03263;-11.44983
FDD_Mzuzu_Chimaliro_2;1347;;100;1;0;39;34.03263;-11.44983
FDD_Mzuzu_Chimaliro_3;1347;;280;1;0;39;34.03263;-11.44983
FDD_Mzuzu_forestry_1;1347;;245;3;0;30;34.04863;-11.43565
FDD_Mzuzu_Gestetner_1;1347;;0;2;0;30;34.02119;-11.4656
FDD_Mzuzu_Gestetner_2;1347;;120;2;0;30;34.02119;-11.4656
FDD_Mzuzu_Govt_Sec_School_1;1347;;0;2;0;30;34.0535;-11.4648
FDD_Mzuzu_Govt_Sec_School_2;1347;;120;2;0;30;34.0535;-11.4648
FDD_Mzuzu_Govt_Sec_School_3;1347;;240;2;0;30;34.0535;-11.4648
FDD_Mzuzu_Hospital_1;1347;;0;0;0;0;33.99515;-11.42706
FDD_Mzuzu_Hospital_2;1347;;0;0;0;0;33.99515;-11.42706
FDD_Mzuzu_Hospital_3;1347;;0;0;0;0;33.99515;-11.42706
FDD_Mzuzu_Market_1;1347;;0;0;0;0;34.01597;-11.45749
FDD_Mzuzu_Market_2;1347;;0;0;0;0;34.01597;-11.45749
FDD_Mzuzu_Market_3;1347;;0;0;0;0;34.01597;-11.45749
FDD_Mzuzu_Office_1;1347;;20;3;0;30;34.02312;-11.46243
FDD_Mzuzu_Office_2;1347;;140;3;0;30;34.02312;-11.46243
FDD_Mzuzu_Office_3;1347;;300;3;0;30;34.02312;-11.46243
FDD_Mzuzu_Stadium_1;1347;;70;4;0;40;34.02211;-11.44855
FDD_Mzuzu_Stadium_2;1347;;170;4;0;40;34.02211;-11.44855
FDD_Mzuzu_Stadium_3;1347;;300;4;0;40;34.02211;-11.44855
FDD_Mzuzu_VHF_1;1347;;50;3;0;50;34.04396;-11.47651
FDD_Mzuzu_water_board_1;1347;;0;2;0;30;33.99554;-11.46326
FDD_Mzuzu_water_board_2;1347;;80;3;0;33;33.99554;-11.46326
FDD_Mzuzu_water_board_3;1347;;210;2;0;30;33.99554;-11.46326
FDD_Namalaka_1;3706;;0;0;0;0;35.19452;-14.12298
FDD_Namalaka_2;3706;;0;0;0;0;35.19452;-14.12298
FDD_Namalaka_3;3706;;0;0;0;0;35.19452;-14.12298
FDD_Namanja_1;1347;;0;2;0;30;35.67806;-14.96611
FDD_Nambande_1;1347;;0;2;0;30;35.07811;-14.565
FDD_Nambuma_1;1347;;0;2;0;30;33.601;-13.70311
FDD_Naminga_1;1347;;0;2;0;30;35.44423;-15.03533
FDD_Namiwawa_Ringroad_1;1347;;0;2;0;30;34.986;-15.77611
FDD_Namiwawa_Ringroad_2;1347;;0;0;0;0;34.986;-15.77611
FDD_Namiyango_1;1347;;40;0;0;27;35.08862;-15.84115
FDD_Namiyango_2;1347;;120;1;0;28;35.08862;-15.84115
FDD_Namiyango_3;1347;;240;1;0;28;35.08862;-15.84115
FDD_Namwera_1;1347;;0;2;0;30;35.50395;-14.35429
FDD_Nanjiri_1;1347;;0;0;0;0;33.85862;-14.08874
FDD_Naotcha_1;1347;;10;1;0;32;35.0058;-15.83946
FDD_Naotcha_2;1347;;180;1;0;32;35.0058;-15.83946
FDD_Naotcha_3;1347;;260;1;0;32;35.0058;-15.83946
FDD_Naperi_1;1347;;0;2;0;40;35.01206;-15.80929
FDD_Naperi_2;1347;;100;1;0;38;35.01206;-15.80929
FDD_Naperi_3;1347;;240;0;0;36;35.01206;-15.80929
FDD_Nayuchi_1;1347;;0;2;0;30;35.86258;-14.974
FDD_NBM_LampSite_1;1347;;0;0;0;20;35.00347;-15.78744
FDD_NBM_LampSite_2;1347;;180;0;0;20;35.00347;-15.78744
FDD_NBM_Towers_1;1347;;0;0;0;30;35.00347;-15.78744
FDD_NBM_Towers_2;1347;;90;0;0;30;35.00347;-15.78744
FDD_NBM_Towers_3;1347;;180;0;0;30;35.00347;-15.78744
FDD_NBM_Towers_4;1347;;270;0;0;30;35.00347;-15.78744
FDD_NBM_Towers_5;1347;;0;0;0;0;35.00347;-15.78744
FDD_NBM_Towers_6;1347;;0;0;0;0;35.00347;-15.78744
FDD_Nchalo_1;1347;;40;3;0;30;34.87239;-16.26575
FDD_Nchalo_2;1347;;220;3;0;30;34.87239;-16.26575
FDD_Nchalo_3;1347;;320;3;0;30;34.87239;-16.26575
FDD_Ndirande_1;1347;;60;5;0;18;35.0578;-15.7694
FDD_Ndirande_2;1347;;170;5;0;18;35.0578;-15.7694
FDD_Ndirande_3;1347;;290;5;0;18;35.0578;-15.7694
FDD_Ndirande_Market_1;1347;;20;1;0;18;35.0414;-15.78069
FDD_Ndirande_Market_2;1347;;180;3;0;18;35.0414;-15.78069
FDD_Ndirande_Market_3;1347;;285;1;0;18;35.0414;-15.78069
FDD_Ndirande_Township_1;1347;;310;1;0;28;35.03859;-15.76676
FDD_Ndirande_Township_2;1347;;150;1;0;28;35.03859;-15.76676
FDD_Ndirande_Township_3;1347;;235;1;0;28;35.03859;-15.76676
FDD_Neno_1;1347;;0;2;0;30;34.65164;-15.40488
FDD_New_Naperi_1;1347;;0;0;0;27;35.02433;-15.81229
FDD_New_Naperi_2;1347;;150;0;0;27;35.02433;-15.81229
FDD_New_Naperi_3;1347;;230;0;0;27;35.02433;-15.81229
FDD_Ngabu_1;1347;;0;2;0;30;34.88843;-16.46301
FDD_Ngabu_Trading_1;1347;;20;0;0;30;34.87474;-16.46688
FDD_Ngara_1;1347;;0;2;0;30;34.10035;-10.22282
FDD_Ngara_2;1347;;0;0;0;0;34.10035;-10.22282
FDD_Nguludi_1;1347;;120;3;0;30;35.17793;-15.8165
FDD_Nguludi_2;1347;;210;3;0;30;35.17793;-15.8165
FDD_Nguludi_3;1347;;320;3;0;30;35.17793;-15.8165
FDD_Ngumbe_GDC_1;1347;;0;0;0;0;35.02177;-15.71294
FDD_Ngumbe_GDC_2;1347;;0;0;0;0;35.02177;-15.71294
FDD_Ngumbe_GDC_3;1347;;0;0;0;0;35.02177;-15.71294
FDD_Njewa_1;1347;;180;3;0;30;33.6979;-13.9785
FDD_Njewa_2;1347;;0;0;0;0;33.6979;-13.9785
FDD_Njewa_Industrial_1;1347;;0;3;0;30;33.71403;-13.97411
FDD_Njewa_Industrial_2;1347;;120;3;0;30;33.71403;-13.97411
FDD_Njewa_Industrial_3;1347;;240;3;0;30;33.71403;-13.97411
FDD_Njuli_Hill_1;1347;;0;2;0;30;35.11398;-15.73451
FDD_Nkando_1;1347;;150;2;0;30;35.35806;-15.91722
FDD_Nkhamenya_TC_1;1347;;0;2;0;30;33.50897;-12.57671
FDD_Nkhamenya_TC_2;1347;;120;2;0;30;33.50897;-12.57671
FDD_Nkhatabay_1;1347;;0;0;0;30;34.29494;-11.60762
FDD_Nkhatabay_2;1347;;120;0;0;30;34.29494;-11.60762
FDD_Nkhatabay_Hospital_1;1347;;220;0;0;30;34.25512;-11.60681
FDD_Nkhate_1;1347;;0;0;0;0;34.96178;-16.14347
FDD_Nkholongo_1;1347;;0;2;0;30;33.98981;-11.39167
FDD_Nkhoma_1;1347;;0;0;0;0;34.105;-14.0439
FDD_Nkhotakota_1;1347;;0;4;0;30;34.28747;-12.92701
FDD_Nkhotakota_2;1347;;110;4;0;30;34.28747;-12.92701
FDD_Nkhotakota_3;1347;;300;4;0;30;34.28747;-12.92701
FDD_Nkhuzi_Bay_1;1347;;0;0;0;0;35.00856;-14.18769
FDD_Nkolokoti_1;1347;;30;1;0;46;35.07805;-15.76012
FDD_Nkolokoti_2;1347;;180;1;0;38;35.07805;-15.76012
FDD_Nkolokoti_3;1347;;340;1;0;38;35.07805;-15.76012
FDD_Nkopola_1;1347;;0;0;0;0;35.13463;-14.32548
FDD_Nkopola_2;1347;;0;0;0;0;35.13463;-14.32548
FDD_NRC_1;1347;;90;3;0;30;33.67359;-14.02039
FDD_NRC_2;1347;;204;3;0;30;33.67359;-14.02039
FDD_NRC_3;1347;;340;3;0;30;33.67359;-14.02039
FDD_NRC_Turn_Off_1;1347;;0;2;0;30;33.66965;-13.99549
FDD_NRC_Turn_Off_2;1347;;120;2;0;30;33.66965;-13.99549
FDD_Nsalu_1;1347;;0;2;0;30;33.51442;-13.88653
FDD_Nsalu_2;1347;;120;2;0;30;33.51442;-13.88653
FDD_Nsanama_1;1347;;0;2;0;30;35.4909;-14.9938
FDD_Nsanje_1;1347;;0;2;0;30;35.26541;-16.92582
FDD_Nsanje_2;1347;;120;2;0;30;35.26541;-16.92582
FDD_Nselema_1;1347;;0;2;0;30;35.54414;-14.71011
FDD_Nsundwe_1;1347;;0;2;0;30;33.45764;-14.02119
FDD_Nsungwi_1;1347;;270;0;0;30;33.74775;-13.88847
FDD_Nsungwi_2;1347;;140;0;0;30;33.74775;-13.88847
FDD_Nsungwi_3;1347;;40;0;0;30;33.74775;-13.88847
FDD_Nsungwi_Market_1;1347;;0;2;0;30;33.75271;-13.8889
FDD_Nsungwi_Market_2;1347;;120;2;0;30;33.75271;-13.8889
FDD_Ntaja_1;1347;;0;2;0;30;35.5274;-14.87174
FDD_Ntaja_2;1347;;120;2;0;30;35.5274;-14.87174
FDD_Ntaja_3;1347;;240;2;0;30;35.5274;-14.87174
FDD_Nthukwa_1;1347;;50;0;0;30;34.9788;-15.76302
FDD_Nthukwa_2;1347;;150;3;0;26;34.9788;-15.76302
FDD_Nthukwa_3;1347;;330;1;0;30;34.9788;-15.76302
FDD_Nyambadwe_Residential_1;1347;;25;1;0;38;35.01953;-15.77225
FDD_Nyambadwe_Residential_2;1347;;190;1;0;38;35.01953;-15.77225
FDD_Nyambadwe_Residential_3;1347;;280;2;0;38;35.01953;-15.77225
FDD_Nyambadwe_Tubestar_1;1347;;350;0;0;30;35.01388;-15.77436
FDD_Nyambadwe_Tubestar_2;1347;;130;0;0;30;35.01388;-15.77436
FDD_Nyambadwe_Tubestar_3;1347;;240;0;0;30;35.01388;-15.77436
FDD_Old_Naisi_New_lines_1;1347;;0;2;0;30;35.34541;-15.36703
FDD_Palm_Beach_1;1347;;0;0;0;0;35.20209;-14.40135
FDD_Palm_Beach_2;1347;;0;0;0;0;35.20209;-14.40135
FDD_Pasani_1;1347;;20;4;0;36;35.46421;-15.92535
FDD_Phalombe_1;1347;;0;2;0;30;35.64573;-15.81581
FDD_Phalula_1;1347;;0;2;0;30;34.88569;-15.20661
FDD_Phwezi_1;1347;;0;2;0;30;34.03564;-10.88672
FDD_Premier_Lodge_1;1347;;90;0;0;24;34.99334;-15.69329
FDD_Premier_Lodge_2;1347;;150;0;0;24;34.99334;-15.69329
FDD_Premier_Lodge_3;1347;;300;0;0;30;34.99334;-15.69329
FDD_Rafik_Foundation_1;1347;;345;3;0;30;33.98221;-11.47253
FDD_Rafik_Foundation_2;1347;;150;3;0;30;33.98221;-11.47253
FDD_Rafik_Foundation_3;1347;;260;3;0;30;33.98221;-11.47253
FDD_Railways_1;1347;;0;0;0;0;35.06715;-15.81963
FDD_Railways_2;1347;;0;0;0;0;35.06715;-15.81963
FDD_Railways_3;1347;;0;0;0;0;35.06715;-15.81963
FDD_Rumphi_1;1347;;140;2;0;30;33.84469;-10.99694
FDD_Rumphi_Town_1;1347;;0;2;0;30;33.85552;-11.0213
FDD_Rumphi_Town_2;1347;;200;2;0;30;33.85552;-11.0213
FDD_Sadzi_1;1347;;0;3;0;30;35.3059;-15.4139
FDD_Sadzi_2;1347;;120;3;0;30;35.3059;-15.4139
FDD_Sadzi_3;1347;;220;3;0;30;35.3059;-15.4139
FDD_Sadzi_Hill_1;1347;;0;0;0;0;35.31913;-15.41476
FDD_Sadzi_Hill_2;1347;;0;0;0;0;35.31913;-15.41476
FDD_Safalawo_1;1347;;0;2;0;30;35.04492;-15.77592
FDD_Safalawo_2;1347;;120;2;0;30;35.04492;-15.77592
FDD_Salima_1;1347;;0;4;0;30;34.45632;-13.7816
FDD_Salima_2;1347;;120;4;0;30;34.45632;-13.7816
FDD_Salima_3;1347;;240;4;0;30;34.45632;-13.7816
FDD_Salima_Bus_Depot_1;1347;;23;3;0;30;34.46002;-13.79036
FDD_Salima_Bus_Depot_2;1347;;88;3;0;30;34.46002;-13.79036
FDD_Salima_Bus_Depot_3;1347;;297;3;0;30;34.46002;-13.79036
FDD_Sani_1;1347;;0;2;0;30;34.3162;-13.02809
FDD_Senti_1;1347;;60;1;0;30;33.76868;-13.93116
FDD_Senti_2;1347;;180;1;0;30;33.76868;-13.93116
FDD_Senti_3;1347;;270;1;0;30;33.76868;-13.93116
FDD_Sharpevalley_1;1347;;0;2;0;30;34.73222;-14.61472
FDD_Soche_East_1;1347;;330;1;0;28;35.01608;-15.81915
FDD_Soche_East_2;1347;;150;1;0;26;35.01608;-15.81915
FDD_Soche_East_3;1347;;240;1;0;28;35.01608;-15.81915
FDD_Soche_Hill_1;1347;;0;1;0;38;35.03318;-15.83351
FDD_Soche_Hill_2;1347;;100;1;0;38;35.03318;-15.83351
FDD_Soche_Hill_3;1347;;200;1;0;38;35.03318;-15.83351
FDD_Songani_1;1347;;0;2;0;30;35.3833;-15.3167
FDD_Sorgin_1;1347;;0;2;0;30;35.01592;-16.54047
FDD_Sucoma_1;1347;;30;4;0;30;34.89418;-16.25441
FDD_Sun_and_Sand_1;1347;;10;0;0;42;35.10382;-14.28779
FDD_Sun_and_Sand_2;1347;;150;0;0;42;35.10382;-14.28779
FDD_Sun_Village_1;1347;;0;2;0;30;35.1886;-15.043
FDD_Sunny_Side_Park_1;1347;;0;0;0;0;35.00363;-15.79878
FDD_Sunny_Side_Park_2;1347;;0;0;0;0;35.00363;-15.79878
FDD_Sunny_side_park_3;1347;;0;0;0;0;35.00363;-15.79878
FDD_Superior_Hotel_1;1347;;60;1;0;20;35.02733;-15.75568
FDD_Superior_Hotel_2;1347;;150;0;0;16;35.02733;-15.75568
FDD_Superior_Hotel_3;1347;;310;0;0;16;35.02733;-15.75568
FDD_Tengani_1;1347;;0;2;0;30;35.27165;-16.73505
FDD_Thazima_1;1347;;0;2;0;30;33.58281;-10.83946
FDD_Thazima_2;1347;;120;2;0;30;33.58281;-10.83946
FDD_Thondwe_1;1347;;0;2;0;30;35.22206;-15.49483
FDD_Thyolo_1;1347;;0;2;0;30;35.14923;-16.07007
FDD_Thyolo_2;1347;;120;2;0;30;35.14923;-16.07007
FDD_Thyolo_Number_One_1;1347;;0;0;0;0;35.13266;-16.06647
FDD_Thyolo_Number_One_2;1347;;180;3;0;30;35.13266;-16.06647
FDD_Thyolo_Number_One_3;1347;;320;3;0;30;35.13266;-16.06647
FDD_Tikumphire_1;1347;;0;3;0;30;34.00518;-11.45001
FDD_Tikumphire_2;1347;;120;3;0;30;34.00518;-11.45001
FDD_Tikumphire_3;1347;;0;0;0;0;34.00518;-11.45001
FDD_Trade_Fair_1;1347;;10;1;0;24;35.02895;-15.80031
FDD_Trade_Fair_2;1347;;90;3;0;40;35.02895;-15.80031
FDD_Trade_Fair_3;1347;;230;3;0;28;35.02895;-15.80031
FDD_Tsabango_1;1347;;0;0;0;0;33.79189;-14.00766
FDD_Tsabango_2;1347;;0;0;0;0;33.79189;-14.00766
FDD_Tukombo_1;1347;;0;2;0;30;34.05135;-12.09226
FDD_Ulimi_House_1;1347;;0;2;0;30;35.00057;-15.78507
FDD_Ulimi_House_2;1347;;120;2;0;30;35.00057;-15.78507
FDD_Ulongwe_1;1347;;0;2;0;30;35.17291;-14.84578
FDD_Ulongwe_2;1347;;120;2;0;30;35.17291;-14.84578
FDD_Yesaya_Nkosi_1;1347;;0;2;0;30;33.54833;-11.72028
FDD_Yesaya_Nkosi_2;1347;;120;2;0;30;33.54833;-11.72028
FDD_Zalewa_(combined)_1;1347;;0;2;0;30;34.90545;-15.45825
FDD_Zalewa_(combined)_2;1347;;240;2;0;30;34.90545;-15.45825
FDD_Zingwangwa_1;1347;;0;0;0;30;35.0101;-15.82095
FDD_Zingwangwa_2;1347;;130;0;0;34;35.0101;-15.82095
FDD_Zingwangwa_3;1347;;190;0;0;30;35.0101;-15.82095
FDD_Zomba_Central_1;1347;;20;2;0;39;35.31374;-15.38705
FDD_Zomba_Central_2;1347;;100;2;0;45;35.31374;-15.38705
FDD_Zomba_Central_3;1347;;230;2;0;45;35.31374;-15.38705
FDD_Zomba_Chichiri_1;1347;;0;0;0;0;35.37948;-15.41385
FDD_Zomba_Chichiri_2;1347;;0;0;0;0;35.37948;-15.41385
FDD_Zomba_Exchange_1;1347;;0;0;0;0;35.32487;-15.37569
FDD_Zomba_Exchange_2;1347;;0;0;0;0;35.32487;-15.37569
FDD_Zomba_Exchange_3;1347;;0;0;0;0;35.32487;-15.37569
FDD_Zomba_Peak_1;1347;;0;0;0;0;35.27389;-15.34944
FDD_Zomba_Police_1;1347;;340;3;0;25;35.33184;-15.39088
FDD_Zomba_Police_2;1347;;120;2;0;25;35.33184;-15.39088
FDD_Zomba_Police_3;1347;;240;2;0;25;35.33184;-15.39088
FDD_Zomba_St_Marys_2;1347;;180;3;0;30;35.3174;-15.40254
FDD_Zomba_St_Marys_3;1347;;260;3;0;30;35.3174;-15.40254
FDD_Zomba_Wico_1;1347;;0;3;0;30;35.32169;-15.3897
FDD_Zomba_Wico_2;1347;;140;3;0;30;35.32169;-15.3897
FDD_Zomba_Wico_3;1347;;240;3;0;30;35.32169;-15.3897
FDD_Zubayumo_1;1347;;0;2;0;30;33.49336;-11.85433
TDD_Adventist_Hospital_1;37950;;0;1;0;32;35.00375;-15.78221
TDD_Adventist_Hospital_2;37950;;160;1;0;32;35.00375;-15.78221
TDD_Adventist_Hospital_3;37950;;280;1;0;32;35.00375;-15.78221
TDD_Adventist_Hospital_4;37800;;0;1;0;32;35.00375;-15.78221
TDD_Adventist_Hospital_5;37800;;160;1;0;32;35.00375;-15.78221
TDD_Adventist_Hospital_6;37800;;280;1;0;32;35.00375;-15.78221
TDD_Area_18B_1;37950;;340;2;0;28;33.77316;-13.94219
TDD_Area_18B_2;37950;;80;2;0;28;33.77316;-13.94219
TDD_Area_18B_3;37950;;240;3;0;28;33.77316;-13.94219
TDD_Area_18B_4;37800;;340;2;0;28;33.77316;-13.94219
TDD_Area_18B_5;37800;;80;2;0;28;33.77316;-13.94219
TDD_Area_18B_6;37800;;240;3;0;28;33.77316;-13.94219
TDD_Area_25B_1;37950;;40;1;0;29;33.76075;-13.88568
TDD_Area_25B_2;37950;;180;2;0;30;33.76075;-13.88568
TDD_Area_25B_3;37950;;240;2;0;30;33.76075;-13.88568
TDD_Area_3_Bwaila_1;37950;;34;1;0;34;33.75724;-13.98945
TDD_Area_3_Bwaila_2;37950;;140;0;0;34;33.75724;-13.98945
TDD_Area_3_Bwaila_3;37950;;280;1;0;34;33.75724;-13.98945
TDD_Area_3_Bwaila_5;37800;;140;0;0;34;33.75724;-13.98945
TDD_Area_3_Mafumu_1;37950;;300;3;0;30;33.76114;-14.00198
TDD_Area_3_Mafumu_2;37950;;70;3;0;30;33.76114;-14.00198
TDD_Area_3_Mafumu_3;37950;;190;3;0;30;33.76114;-14.00198
TDD_Area_3_Mafumu_4;37800;;300;3;0;30;33.76114;-14.00198
TDD_Area_3_Mafumu_5;37800;;70;3;0;30;33.76114;-14.00198
TDD_Area_3_Mafumu_6;37800;;190;3;0;30;33.76114;-14.00198
TDD_Area_3_Police_1;37950;;34;3;0;29;33.76827;-13.98876
TDD_Area_3_Police_2;37950;;100;2;0;29;33.76827;-13.98876
TDD_Area_3_Police_3;37950;;260;2;0;29;33.76827;-13.98876
TDD_Area_3_Police_4;37800;;34;3;0;29;33.76827;-13.98876
TDD_Area_3_Police_5;37800;;100;2;0;29;33.76827;-13.98876
TDD_Area_3_Police_6;37800;;260;2;0;29;33.76827;-13.98876
TDD_Area_4_1;37950;;340;3;0;26;33.76968;-13.98366
TDD_Area_4_2;37950;;120;2;0;26;33.76968;-13.98366
TDD_Area_4_3;37950;;220;4;0;26;33.76968;-13.98366
TDD_Area_4_4;37800;;340;3;0;26;33.76968;-13.98366
TDD_Area_4_5;37800;;120;2;0;26;33.76968;-13.98366
TDD_Area_4_6;37800;;220;4;0;26;33.76968;-13.98366
TDD_Area_47_Bwandilo_1;37950;;340;2;0;36;33.76669;-13.95211
TDD_Area_47_Bwandilo_2;37950;;140;2;0;36;33.76669;-13.95211
TDD_Area_47_Bwandilo_3;37950;;240;2;0;36;33.76669;-13.95211
TDD_Area_47_Bwandilo_4;37800;;340;2;0;36;33.76669;-13.95211
TDD_Area_47_Bwandilo_5;37800;;140;2;0;36;33.76669;-13.95211
TDD_Area_47_Bwandilo_6;37800;;240;2;0;36;33.76669;-13.95211
TDD_Area_48_1;37950;;0;0;0;0;33.7618;-13.9405
TDD_Area_48_2;37800;;0;0;0;0;33.7618;-13.9405
TDD_Area_50_1;37950;;70;4;0;32;33.75088;-13.90106
TDD_Area_50_2;37950;;150;4;0;32;33.75088;-13.90106
TDD_Area_50_3;37950;;300;4;0;32;33.75088;-13.90106
TDD_Area_9_1;37950;;60;2;0;35;33.74843;-13.98256
TDD_Area_9_2;37950;;140;2;0;37;33.74843;-13.98256
TDD_Area_9_3;37950;;280;2;0;35;33.74843;-13.98256
TDD_Balaka_1;37950;;70;4;0;35;34.95622;-14.98983
TDD_Balaka_2;37950;;140;4;0;35;34.95622;-14.98983
TDD_Balaka_3;37950;;280;4;0;35;34.95622;-14.98983
TDD_BCA_Hill_1;37950;;50;2;0;36;35.066;-15.83368
TDD_BCA_Hill_2;37950;;200;4;0;26;35.066;-15.83368
TDD_BCA_Hill_3;37950;;290;5;0;26;35.066;-15.83368
TDD_BICC_1;37950;;50;4;0;50;33.79153;-13.9549
TDD_Biwi_Triangle_1;37950;;50;2;0;24;33.7857;-14.0099
TDD_Biwi_Triangle_2;37950;;150;2;0;24;33.7857;-14.0099
TDD_Biwi_Triangle_3;37950;;280;7;0;24;33.7857;-14.0099
TDD_Biwi_Triangle_5;37800;;150;2;0;24;33.7857;-14.0099
TDD_Bunda_1;37950;;320;8;0;14;33.77531;-14.1784
TDD_Bunda_2;37950;;140;2;0;14;33.77531;-14.1784
TDD_Bunda_3;37950;;280;4;0;14;33.77531;-14.1784
TDD_Bwalolanjobvu_1;37950;;330;3;0;44;33.77805;-13.98353
TDD_Bwalolanjobvu_2;37950;;80;3;0;44;33.77805;-13.98353
TDD_Bwalolanjobvu_3;37950;;200;3;0;44;33.77805;-13.98353
TDD_Bwalolanjobvu_4;37800;;330;3;0;44;33.77805;-13.98353
TDD_Bwalolanjobvu_5;37800;;80;3;0;44;33.77805;-13.98353
TDD_Bwalolanjobvu_6;37800;;200;3;0;44;33.77805;-13.98353
TDD_Cape_Maclear_2;37950;;40;4;0;35;34.83729;-14.02759
TDD_Cape_Maclear_3;37950;;110;4;0;35;34.83729;-14.02759
TDD_Chanco_1;37950;;30;4;0;36;35.34045;-15.3907
TDD_Chanco_2;37950;;100;4;0;36;35.34045;-15.3907
TDD_Chanco_3;37950;;270;4;0;36;35.34045;-15.3907
TDD_Chanco_4;37800;;30;4;0;36;35.34045;-15.3907
TDD_Chanco_5;37800;;100;4;0;36;35.34045;-15.3907
TDD_Chanco_6;37800;;270;4;0;36;35.34045;-15.3907
TDD_Chayamba_House_1;37950;;20;1;0;41;35.00541;-15.787
TDD_Chayamba_House_2;37950;;200;0;0;41;35.00541;-15.787
TDD_Chayamba_House_3;37950;;310;2;0;41;35.00541;-15.787
TDD_Chemusa_1;37950;;20;0;0;40;34.99841;-15.76486
TDD_Chemusa_2;37950;;160;0;0;40;34.99841;-15.76486
TDD_Chemusa_3;37950;;280;2;0;40;34.99841;-15.76486
TDD_Chemusa_4;37800;;20;0;0;40;34.99841;-15.76486
TDD_Chichiri_School_1;37950;;90;0;0;38;35.04381;-15.80363
TDD_Chichiri_School_2;37950;;220;3;0;38;35.04381;-15.80363
TDD_Chichiri_School_3;37950;;290;2;0;38;35.04381;-15.80363
TDD_Chichiri_School_4;37800;;90;0;0;38;35.04381;-15.80363
TDD_Chichiri_School_5;37800;;220;3;0;38;35.04381;-15.80363
TDD_Chichiri_School_6;37800;;290;2;0;38;35.04381;-15.80363
TDD_Chilomoni_Fargo_1;37950;;320;0;0;24;34.98258;-15.77922
TDD_Chilomoni_Fargo_2;37950;;140;0;0;28;34.98258;-15.77922
TDD_Chilomoni_Fargo_3;37950;;220;0;0;28;34.98258;-15.77922
TDD_Chinyonga_1;37950;;0;2;0;32;35.03832;-15.81669
TDD_Chinyonga_2;37950;;110;1;0;32;35.03832;-15.81669
TDD_Chinyonga_3;37950;;250;3;0;32;35.03832;-15.81669
TDD_Dwangwa_Factory_1;37950;;310;3;0;50;34.15676;-12.49802
TDD_Dwangwa_Factory_2;37950;;160;3;0;50;34.15676;-12.49802
TDD_Dwangwa_Factory_4;37800;;310;3;0;50;34.15676;-12.49802
TDD_Dwangwa_Factory_5;37800;;160;3;0;50;34.15676;-12.49802
TDD_Dwangwa_TC_2;37950;;120;4;0;35;34.10888;-12.50677
TDD_Dwangwa_TC_3;37950;;240;4;0;35;34.10888;-12.50677
TDD_Gulliver_Stadium_1;37950;;20;1;0;34;33.75055;-13.9412
TDD_Gulliver_Stadium_2;37950;;184;2;0;34;33.75055;-13.9412
TDD_Gulliver_Stadium_3;37950;;320;3;0;34;33.75055;-13.9412
TDD_Gulliver_Stadium_4;37800;;20;1;0;34;33.75055;-13.9412
TDD_Kangombe_1;37950;;320;3;0;40;33.79262;-13.95905
TDD_Kangombe_2;37950;;90;1;0;40;33.79262;-13.95905
TDD_Kangombe_3;37950;;240;2;0;40;33.79262;-13.95905
TDD_Kangombe_4;37800;;320;3;0;40;33.79262;-13.95905
TDD_Kangombe_5;37800;;90;1;0;40;33.79262;-13.95905
TDD_Kangombe_6;37800;;240;2;0;40;33.79262;-13.95905
TDD_Kasasa_2;37950;;60;4;0;35;34.11558;-12.54423
TDD_Kasasa_3;37950;;140;4;0;35;34.11558;-12.54423
TDD_Kasungu_Town_1;37950;;340;4;0;35;33.48159;-13.03715
TDD_Kasungu_Town_2;37950;;80;4;0;35;33.48159;-13.03715
TDD_Kasungu_Town_3;37950;;200;4;0;35;33.48159;-13.03715
TDD_Katawa_1;37950;;90;3;0;30;34.0258;-11.442
TDD_Katawa_2;37950;;170;3;0;30;34.0258;-11.442
TDD_Katawa_3;37950;;330;3;0;30;34.0258;-11.442
TDD_Katoto_School_1;37950;;0;2;0;30;34.0074;-11.46019
TDD_Katoto_School_2;37950;;80;2;0;30;34.0074;-11.46019
TDD_Katoto_School_3;37950;;180;3;0;30;34.0074;-11.46019
TDD_Katoto_School_4;37800;;0;2;0;30;34.0074;-11.46019
TDD_Katoto_School_5;37800;;80;2;0;30;34.0074;-11.46019
TDD_Katoto_School_6;37800;;180;3;0;30;34.0074;-11.46019
TDD_Kawale_1;37950;;300;2;0;27;33.8021;-13.9879
TDD_Kawale_2;37950;;72;2;0;27;33.8021;-13.9879
TDD_Kawale_3;37950;;240;2;0;27;33.8021;-13.9879
TDD_Kuchawe_Inn_1;37950;;340;6;0;46;35.31419;-15.36616
TDD_Kuchawe_Inn_2;37950;;100;6;0;46;35.31419;-15.36616
TDD_Kuchawe_Inn_3;37950;;180;6;0;46;35.31419;-15.36616
TDD_Likungwati_1;37950;;340;3;0;30;35.33152;-15.4038
TDD_Likungwati_2;37950;;80;3;0;30;35.33152;-15.4038
TDD_Likungwati_3;37950;;240;3;0;30;35.33152;-15.4038
TDD_Likungwati_4;37800;;340;3;0;30;35.33152;-15.4038
TDD_Likungwati_5;37800;;80;3;0;30;35.33152;-15.4038
TDD_Likungwati_6;37800;;240;3;0;30;35.33152;-15.4038
TDD_Limbe_Centre_1;37950;;0;0;0;18;35.05671;-15.81284
TDD_Limbe_Centre_2;37950;;130;0;0;18;35.05671;-15.81284
TDD_Limbe_Centre_3;37950;;250;0;0;18;35.05671;-15.81284
TDD_Limbe_Centre_4;37800;;0;0;0;18;35.05671;-15.81284
TDD_Limbe_Centre_5;37800;;130;0;0;18;35.05671;-15.81284
TDD_Livingstone_Towers_1;37950;;320;2;0;40;35.0072;-15.7858
TDD_Livingstone_Towers_2;37950;;130;6;0;38;35.0072;-15.7858
TDD_Livingstone_Towers_3;37950;;250;4;0;38;35.0072;-15.7858
TDD_Livingstone_Towers_4;37800;;320;2;0;40;35.0072;-15.7858
TDD_Livingstone_Towers_5;37800;;130;6;0;38;35.0072;-15.7858
TDD_Livingstone_Towers_6;37800;;250;4;0;38;35.0072;-15.7858
TDD_Machinjiri_2;37950;;100;1;0;24;35.05129;-15.72265
TDD_Machinjiri_3;37950;;240;2;0;24;35.05129;-15.72265
TDD_Maldeco_2;37950;;230;4;0;35;35.1489;-14.32704
TDD_Mangochi_1;37950;;310;4;0;35;35.26805;-14.48116
TDD_Mangochi_2;37950;;60;4;0;35;35.26805;-14.48116
TDD_Mangochi_3;37950;;230;4;0;35;35.26805;-14.48116
TDD_Manja_1;37950;;80;0;0;20;35.02514;-15.8206
TDD_Manja_2;37950;;180;0;0;18;35.02514;-15.8206
TDD_Manja_3;37950;;240;0;0;18;35.02514;-15.8206
TDD_Manja_4;37800;;80;0;0;20;35.02514;-15.8206
TDD_Manja_5;37800;;180;0;0;18;35.02514;-15.8206
TDD_Manja_6;37800;;240;0;0;18;35.02514;-15.8206
TDD_Mchengautuba_1;37950;;50;3;0;30;33.9777;-11.4487
TDD_Mchengautuba_2;37950;;100;1;0;30;33.9777;-11.4487
TDD_Mchengautuba_3;37950;;200;2;0;30;33.9777;-11.4487
TDD_Mpingwe_1;37950;;0;5;0;30;35.0866;-15.80848
TDD_Mpingwe_2;37950;;190;1;0;29;35.0866;-15.80848
TDD_Mpingwe_3;37950;;270;5;0;30;35.0866;-15.80848
TDD_Mzimba_Hospital_1;37950;;0;0;0;40;33.59587;-11.90003
TDD_Mzimba_Hospital_2;37950;;90;0;0;40;33.59587;-11.90003
TDD_Mzimba_Hospital_3;37950;;160;0;0;40;33.59587;-11.90003
TDD_Mzuzu_Chimaliro_1;37950;;0;0;0;0;34.03263;-11.44983
TDD_Mzuzu_Chimaliro_2;37950;;0;0;0;0;34.03263;-11.44983
TDD_Mzuzu_Chimaliro_3;37950;;0;0;0;0;34.03263;-11.44983
TDD_Mzuzu_water_board_1;37950;;0;3;0;33;33.99554;-11.46326
TDD_Mzuzu_water_board_2;37950;;120;1;0;33;33.99554;-11.46326
TDD_Mzuzu_water_board_3;37950;;240;3;0;33;33.99554;-11.46326
TDD_Naperi_1;37950;;0;0;0;36;35.01206;-15.80929
TDD_Naperi_2;37950;;150;2;0;36;35.01206;-15.80929
TDD_Naperi_3;37950;;250;3;0;36;35.01206;-15.80929
TDD_Naperi_6;37800;;0;0;0;0;35.01206;-15.80929
TDD_Ndirande_1;37950;;0;0;0;0;35.0578;-15.7694
TDD_Ndirande_2;37950;;0;0;0;0;35.0578;-15.7694
TDD_Ndirande_3;37950;;0;0;0;0;35.0578;-15.7694
TDD_Njewa_1;37950;;0;0;0;30;33.6979;-13.9785
TDD_Njewa_2;37950;;60;0;0;30;33.6979;-13.9785
TDD_Njewa_3;37950;;220;0;0;30;33.6979;-13.9785
TDD_Nyambadwe_Residential_1;37950;;30;1;0;35;35.01953;-15.77225
TDD_Nyambadwe_Residential_2;37950;;180;1;0;35;35.01953;-15.77225
TDD_Nyambadwe_Residential_3;37950;;270;2;0;34;35.01953;-15.77225
TDD_Premier_Lodge_1;37950;;90;2;0;40;34.99334;-15.69329
TDD_Premier_Lodge_2;37950;;180;0;0;36;34.99334;-15.69329
TDD_Premier_Lodge_3;37950;;320;2;0;36;34.99334;-15.69329
TDD_Salima_1;37950;;10;4;0;35;34.45632;-13.7816
TDD_Salima_2;37950;;110;4;0;35;34.45632;-13.7816
TDD_Salima_3;37950;;330;4;0;35;34.45632;-13.7816
TDD_Superior_Hotel_2;37950;;100;1;0;20;35.02733;-15.75568
TDD_Superior_Hotel_3;37950;;260;2;0;20;35.02733;-15.75568
TDD_TBS_1;37950;;350;0;0;44;35.05163;-15.80209
TDD_TBS_2;37950;;90;0;0;44;35.05163;-15.80209
TDD_TBS_3;37950;;220;0;0;44;35.05163;-15.80209
TDD_TBS_4;37800;;0;2;0;30;35.05163;-15.80209
TDD_TBS_5;37800;;120;2;0;30;35.05163;-15.80209
TDD_TBS_6;37800;;240;2;0;30;35.05163;-15.80209
TDD_Zingwangwa_1;37950;;0;0;0;40;35.0101;-15.82095
TDD_Zingwangwa_2;37950;;120;1;0;40;35.0101;-15.82095
TDD_Zingwangwa_3;37950;;240;1;0;38;35.0101;-15.82095
TDD_Zingwangwa_4;37800;;0;0;0;40;35.0101;-15.82095
TDD_Zomba_Central_1;37950;;20;2;0;39;35.31374;-15.38705
TDD_Zomba_Central_2;37950;;100;2;0;43;35.31374;-15.38705
TDD_Zomba_Central_3;37950;;190;2;0;43;35.31374;-15.38705